0,icmp,ftp,SF,132097,15,0.81,0.1,0.74,0.55,0.59,0.03,0.09,0.89,0.6,0.56,0.72,0.7,0.42,0.45,0.92,0.87,0.76,0.16,0.42,0.28,0.22,1.31,0.1,0.38,0.36,0.34,0.26,0.04,1.07,0.12,0.92,0.08,0.29,0.63,0.89,normal,20
0,udp,telnet,SF,1,83336,1.49,0.86,0.87,0.38,0.45,0.83,0.16,0.98,0.67,0.7,0.68,0.07,0.63,0.53,0.9,0.46,0.27,0.93,0.69,0.22,0.32,1.31,0.06,0.82,0.81,0.4,0.07,0.91,1.15,0.72,0.21,0.5,0.88,0.64,0.14,guess_passwd,20
300,tcp,telnet,OTH,4515,2252,1.04,0.58,0.36,1.0,0.14,0.49,0.76,1.39,0.15,0.16,0.68,0.6,0.38,0.6,1.07,0.25,0.55,0.94,0.68,0.11,0.88,1.3,0.77,0.34,0.29,0.16,0.0,0.72,1.28,0.97,0.76,0.51,0.11,0.63,0.84,warezclient,20
2,icmp,telnet,S0,3163,1423,1.43,0.6,0.49,0.11,0.36,0.99,0.81,0.89,0.24,0.57,0.08,0.73,0.82,0.98,1.13,0.13,0.66,0.95,0.17,0.53,0.61,1.47,0.93,0.76,0.69,0.71,0.4,0.67,1.0,0.9,0.45,0.25,0.06,0.02,0.55,ipsweep,20
300,icmp,telnet,SF,78610,45,0.88,0.91,0.86,0.07,0.24,0.67,0.21,0.81,0.94,0.57,0.47,0.78,0.81,0.19,0.78,0.43,0.42,0.47,0.73,0.67,0.98,0.78,0.4,0.34,0.86,0.25,0.19,0.45,1.04,0.28,0.25,0.92,0.44,0.86,0.55,normal,20
3600,tcp,http_443,SF,2,89385,0.89,0.41,0.48,0.86,0.9,0.16,0.0,1.01,0.93,0.79,0.29,0.7,0.73,0.78,1.23,0.49,0.19,0.22,0.06,0.74,0.06,0.95,0.05,0.48,0.92,0.53,0.06,0.51,1.38,0.07,0.07,0.86,0.4,0.94,0.57,normal,20
300,icmp,http,OTH,771,3534,1.15,0.32,0.26,0.67,0.31,0.27,0.13,1.22,0.46,0.93,0.94,0.01,0.62,0.56,0.78,0.54,0.51,0.13,0.35,0.07,0.24,0.93,0.44,0.54,0.3,0.98,0.81,0.53,1.23,0.55,0.93,0.1,0.88,0.26,0.89,warezclient,20
2,icmp,http_443,S0,2331,2408,1.27,0.2,0.63,0.26,0.49,0.91,0.85,0.77,0.42,0.28,0.0,0.77,0.64,0.26,1.29,0.55,0.43,0.01,0.08,0.88,0.9,1.14,0.83,0.58,0.15,0.13,0.31,0.9,1.34,0.86,0.9,0.21,0.25,0.1,0.78,satan,20
1,udp,ssh,S0,102598,11,0.84,0.92,0.78,0.41,0.67,0.74,0.25,0.83,0.7,0.38,0.04,0.47,0.2,0.92,0.98,0.82,0.87,0.22,0.66,0.4,0.28,0.76,0.77,0.35,0.51,0.68,0.84,0.33,0.72,0.88,0.26,0.58,0.98,0.04,0.6,normal,20
0,udp,domain,RSTO,10,73516,1.42,0.19,0.04,0.44,0.52,0.81,0.69,1.45,0.74,0.2,0.43,0.95,0.92,0.62,1.23,0.12,0.9,0.51,0.67,0.33,0.7,1.14,0.19,0.66,0.38,0.75,0.17,0.57,1.02,0.83,0.3,0.21,0.79,0.61,0.32,portsweep,20
3600,udp,other,S0,4287,3976,1.42,0.8,0.17,0.08,0.52,0.63,0.34,1.35,0.75,0.67,0.22,0.2,0.02,0.24,1.08,0.85,0.07,0.41,0.63,0.19,0.7,1.1,0.24,0.66,0.01,0.75,0.77,0.11,1.04,0.18,0.96,0.52,0.05,0.25,0.85,normal,20
2,udp,ssh,RSTO,4451,4678,1.46,0.89,0.61,0.72,0.5,0.83,0.55,1.42,0.74,0.47,0.26,0.25,0.64,0.77,1.12,0.63,0.27,0.08,0.29,0.27,0.32,1.13,0.14,0.23,0.69,0.71,0.06,0.41,1.13,0.42,0.21,0.42,0.9,0.58,0.7,buffer_overflow,20
0,icmp,private,RSTO,61545,22,1.38,0.95,0.42,0.75,0.55,0.6,0.22,0.88,0.44,0.03,0.34,0.68,0.4,0.17,1.07,0.13,0.62,0.03,0.39,0.56,0.03,1.21,0.14,0.46,0.05,0.38,0.21,0.33,1.31,0.38,0.75,0.83,0.25,0.08,0.02,portsweep,20
0,icmp,http,REJ,4,82607,1.3,0.95,0.2,0.02,0.15,0.13,0.67,1.15,0.22,0.7,0.77,0.17,0.61,0.75,0.79,0.82,0.96,0.11,0.03,0.31,0.68,1.47,0.4,0.72,0.08,0.69,0.63,0.1,1.32,0.85,0.6,0.12,0.98,0.78,0.35,normal,20
0,udp,domain,SF,4244,2895,1.36,0.11,0.96,0.64,0.83,0.71,0.44,1.29,0.97,0.27,0.81,0.54,0.48,0.44,1.28,0.27,0.85,0.83,0.09,0.88,0.24,1.07,0.61,0.38,0.03,0.85,0.18,0.21,1.34,0.34,0.88,0.7,0.28,0.01,0.95,portsweep,20
3600,tcp,telnet,RSTO,4102,4648,0.89,0.48,0.71,0.45,0.02,0.29,0.4,0.89,0.66,0.37,0.55,0.34,1.0,0.55,0.98,0.45,0.31,0.23,0.72,0.32,0.74,1.46,0.69,0.19,0.74,0.28,0.59,0.76,1.18,0.98,0.83,0.3,0.36,0.3,0.71,normal,20
0,tcp,smtp,SF,74293,35,1.21,0.75,0.1,0.01,0.28,0.48,0.34,1.47,0.25,0.86,0.11,0.07,0.49,0.58,1.25,0.15,0.81,0.95,0.09,0.25,0.56,1.03,0.6,0.62,0.78,0.38,0.91,0.3,1.17,0.43,0.57,0.06,0.96,0.1,0.76,smurf,20
0,icmp,telnet,REJ,2,50292,1.14,0.16,0.41,0.69,0.47,0.03,0.29,0.93,0.86,0.07,0.23,0.26,0.79,0.59,1.34,0.2,0.11,0.22,0.15,0.27,0.14,0.75,0.79,0.6,0.82,0.92,0.44,0.47,0.94,0.4,0.27,0.54,0.44,0.6,0.89,smurf,20
0,icmp,domain,OTH,2151,311,1.47,0.84,0.58,0.95,1.0,0.67,0.27,0.73,0.76,0.47,0.65,0.92,0.18,0.59,1.21,0.49,0.09,0.35,0.33,0.67,0.86,0.96,0.69,0.29,0.95,0.81,0.55,0.45,0.95,0.32,0.97,0.4,0.51,0.99,0.66,satan,20
2,icmp,other,RSTO,544,1636,1.2,0.5,0.44,0.05,0.27,0.13,0.29,1.4,0.48,0.03,0.63,0.8,0.71,0.31,0.71,0.41,0.22,0.84,0.11,0.95,0.65,0.82,0.93,0.29,0.71,0.42,0.48,0.47,1.07,0.14,0.19,0.6,0.75,0.14,0.07,buffer_overflow,20
0,udp,domain,OTH,130037,0,1.28,0.84,0.58,0.66,0.87,0.45,0.48,0.97,0.76,0.38,0.93,0.87,0.98,0.24,1.01,0.86,0.41,0.32,0.47,0.91,0.38,1.49,0.79,0.65,0.15,0.96,0.13,0.97,0.97,0.1,0.85,0.1,0.91,0.02,0.14,normal,20
0,icmp,ssh,SF,8,57368,1.25,0.65,0.85,0.85,0.86,0.38,0.32,1.27,0.76,0.87,0.04,0.07,0.63,0.92,1.5,0.75,0.43,0.1,0.63,0.87,0.44,1.26,0.9,0.05,0.8,0.29,0.37,0.15,1.12,0.57,0.79,0.17,0.08,0.87,0.62,warezclient,20
1,tcp,other,OTH,1272,2002,1.07,0.67,0.9,0.47,0.29,0.55,0.07,1.46,0.99,0.3,0.96,0.69,0.46,0.3,1.5,0.85,0.11,0.38,0.36,0.3,0.7,0.72,0.83,0.4,0.01,0.87,0.78,0.97,1.43,0.75,0.83,0.9,0.78,0.23,0.8,guess_passwd,20
300,tcp,telnet,OTH,2153,1220,1.42,0.65,0.31,0.44,0.58,0.73,0.09,0.94,0.75,0.18,0.13,0.54,0.97,0.53,1.43,0.83,0.26,0.82,0.48,0.81,0.75,0.97,0.12,0.96,0.14,0.97,0.86,0.72,1.48,0.97,0.8,0.37,0.79,0.01,0.54,neptune,20
3600,udp,domain,REJ,213238,24,0.79,0.23,0.03,0.88,0.56,0.92,0.22,0.75,0.82,0.91,0.3,0.41,0.14,0.95,0.94,0.49,0.1,0.89,0.14,0.45,0.67,1.29,0.95,0.42,0.74,0.15,0.41,0.1,1.09,0.41,0.95,0.03,0.37,0.44,0.95,buffer_overflow,20
0,udp,ftp,REJ,9,82259,0.75,0.28,0.97,0.95,0.82,0.09,0.21,1.21,0.97,0.05,0.33,0.99,0.79,0.21,1.36,0.55,0.59,0.81,0.23,0.77,0.79,1.18,0.28,0.98,0.99,0.54,0.8,0.11,1.39,0.13,0.36,0.79,0.59,0.02,0.27,normal,20
1,tcp,private,OTH,1031,620,1.32,0.51,0.11,0.5,0.95,0.04,0.78,1.39,0.52,0.46,0.96,0.06,0.48,0.4,1.25,0.49,0.91,0.07,0.08,0.61,0.07,0.92,0.63,0.55,0.33,0.99,0.53,0.45,1.18,0.1,0.7,0.85,0.65,0.77,0.72,back,20
0,tcp,private,RSTO,1971,3489,1.02,0.73,0.31,0.31,0.25,0.95,0.69,1.08,0.09,0.09,0.43,0.74,0.37,0.13,0.75,0.96,0.56,0.67,0.41,0.87,0.94,1.04,0.92,0.05,0.29,0.31,0.1,0.51,0.82,0.48,0.85,0.35,0.56,0.11,0.28,back,20
300,tcp,private,OTH,222981,39,0.72,0.93,0.83,0.27,0.18,0.7,0.31,0.97,0.01,0.87,0.57,0.4,0.14,0.63,0.72,0.75,0.22,0.42,0.34,0.37,0.72,1.32,0.57,0.08,0.05,0.16,0.62,0.67,0.92,0.66,0.49,0.44,0.27,0.75,0.11,ipsweep,20
2,udp,ftp,REJ,10,71891,0.74,0.4,0.6,0.01,0.3,0.21,0.14,0.9,0.33,0.01,0.75,0.18,0.38,0.7,1.1,0.83,0.81,0.07,0.86,0.04,0.02,1.44,0.86,0.58,0.57,0.71,0.42,0.12,0.72,0.32,0.8,0.62,0.83,0.92,0.09,guess_passwd,20
2,tcp,telnet,RSTO,4924,3380,0.76,0.87,0.75,0.22,0.78,0.08,0.63,1.12,0.19,0.78,0.35,0.96,0.65,0.15,0.78,0.26,0.17,0.15,0.76,0.08,0.95,1.2,0.46,0.56,0.58,0.68,0.88,0.64,1.49,0.32,0.97,0.32,0.44,0.47,0.63,normal,20
0,udp,http,REJ,4256,707,1.06,0.06,0.83,0.08,0.86,0.86,0.62,1.11,0.46,0.55,0.79,0.9,0.45,0.81,1.22,0.32,0.48,0.15,0.06,0.1,0.9,0.97,0.71,0.5,0.17,0.25,0.44,0.44,1.12,0.16,0.37,0.28,0.41,0.34,0.6,back,20
2,icmp,domain,SF,146426,6,0.93,0.72,0.66,0.91,0.87,0.33,0.58,0.81,0.35,0.97,0.7,0.39,0.6,0.94,0.95,0.38,0.79,0.81,0.67,0.83,0.74,1.25,0.53,0.65,0.42,0.36,0.36,0.18,0.87,0.95,0.49,0.23,0.14,0.08,0.84,portsweep,20
300,tcp,http_443,OTH,9,42473,1.4,0.62,0.6,0.15,0.18,0.69,0.62,1.42,0.72,0.04,0.36,0.72,0.97,0.61,1.3,0.78,0.23,0.24,0.97,0.78,0.9,0.86,0.68,0.57,0.44,0.77,0.78,0.5,1.03,0.16,0.2,0.6,0.87,0.05,0.48,buffer_overflow,20
0,udp,http_443,SF,4326,1121,1.31,0.27,0.91,0.15,0.44,0.95,0.22,1.06,0.35,0.03,0.05,0.5,0.24,0.99,1.0,0.03,0.93,0.84,0.65,0.79,0.14,0.93,0.83,0.7,0.14,0.71,0.45,0.01,0.76,0.26,0.83,0.55,0.73,0.53,0.11,neptune,20
0,udp,telnet,REJ,1098,491,1.04,0.79,0.46,0.11,0.91,0.6,0.02,1.11,0.24,0.14,0.43,0.61,0.24,0.42,1.23,0.09,0.97,0.07,0.53,0.51,0.99,1.14,0.39,0.47,0.64,0.98,0.25,0.02,1.33,0.34,0.73,0.63,0.77,0.74,0.33,normal,20
0,tcp,domain,OTH,148748,41,1.48,0.48,0.18,0.13,0.72,0.94,0.04,0.86,0.79,0.89,0.32,0.31,0.4,0.82,1.08,0.04,0.65,0.29,0.86,0.05,0.66,0.92,0.8,0.44,0.4,0.44,0.96,0.34,0.85,0.69,0.37,0.8,0.27,0.08,0.42,back,20
0,udp,ssh,OTH,5,61050,0.96,0.3,0.45,0.72,0.17,0.44,0.45,1.28,0.91,0.61,0.43,0.64,0.79,0.06,1.24,0.41,0.51,0.75,0.16,0.03,0.85,1.24,0.44,0.13,0.24,0.65,0.36,0.95,0.73,0.15,0.45,0.37,0.44,0.08,0.14,neptune,20
0,udp,private,REJ,2383,2144,1.29,0.5,0.39,0.56,0.26,0.26,0.45,1.5,0.29,0.92,0.49,0.12,0.85,0.45,1.42,0.45,0.09,0.68,0.85,0.32,0.35,0.75,0.54,0.89,0.85,0.71,0.93,0.64,1.33,0.51,0.12,0.2,0.14,0.79,0.03,normal,20
2,icmp,domain,RSTO,4619,1163,0.75,0.4,0.72,0.48,0.41,0.41,0.57,0.8,0.32,0.07,0.47,0.52,0.13,0.83,1.14,0.59,0.77,0.13,0.5,0.87,0.83,1.11,0.3,0.16,0.93,0.23,0.95,0.52,0.93,0.08,0.2,0.96,0.27,0.63,0.61,neptune,20
0,tcp,http_443,S0,215139,37,0.84,0.62,0.9,0.34,0.92,0.04,0.86,0.76,0.95,0.77,0.26,0.21,0.57,0.62,0.72,0.89,0.55,0.64,0.3,0.24,0.81,1.02,0.45,0.69,0.16,0.42,0.46,0.34,0.81,0.86,0.32,0.99,0.35,0.4,0.76,normal,20
1,icmp,http_443,SF,6,55842,0.91,0.25,0.1,0.29,0.38,0.62,0.25,1.39,0.16,0.33,0.58,0.31,0.76,0.5,1.11,0.5,0.31,0.02,0.95,0.51,0.97,0.87,0.35,0.05,0.49,0.88,0.65,0.47,1.13,0.85,0.43,0.88,0.73,0.76,0.37,neptune,20
0,udp,http,OTH,4702,1694,0.93,0.39,0.45,0.55,0.83,0.62,0.61,0.8,0.1,0.37,0.99,0.56,0.37,0.14,1.18,0.4,0.04,0.04,0.71,0.8,0.52,0.82,0.89,0.14,0.93,0.32,0.39,0.62,1.37,0.59,0.51,0.51,0.49,0.56,0.47,ipsweep,20
2,tcp,domain,REJ,997,3512,1.34,0.73,0.69,0.03,0.47,0.97,0.78,1.32,0.58,0.72,0.58,0.17,0.63,0.62,1.37,0.15,0.68,0.03,0.95,0.11,0.02,0.95,0.15,0.69,0.41,0.77,0.92,0.87,1.29,0.06,0.14,0.21,0.33,0.66,0.53,guess_passwd,20
2,udp,ssh,RSTO,199756,21,1.24,0.87,0.68,0.8,0.26,0.48,0.96,0.92,0.3,0.94,0.98,0.77,0.7,0.69,1.09,0.48,0.56,0.93,0.72,0.29,0.57,1.13,0.9,0.39,0.35,0.77,0.15,0.04,1.46,0.08,0.92,0.66,0.75,0.21,0.83,buffer_overflow,20
2,udp,http_443,REJ,3,47158,1.29,0.24,0.05,0.91,0.23,0.23,0.1,0.96,0.47,0.68,0.14,0.96,0.98,0.16,1.22,0.88,0.48,0.65,0.76,0.29,0.29,0.75,0.77,0.65,0.23,0.74,0.85,0.04,1.44,0.42,0.84,0.93,0.04,0.84,0.79,normal,20
2,tcp,smtp,SF,175,2544,0.79,0.98,0.28,0.99,0.54,0.49,0.94,1.38,0.47,0.19,0.11,0.16,0.46,0.26,0.85,0.74,0.79,0.57,0.76,0.18,0.86,1.42,0.83,0.52,0.09,0.67,0.18,0.14,0.96,0.25,0.26,0.24,0.75,0.95,0.3,warezclient,20
0,icmp,http,REJ,3045,2035,1.07,0.16,0.69,0.92,0.89,0.77,0.69,1.21,0.94,0.37,0.22,0.96,0.48,0.45,1.49,0.37,0.7,0.91,0.76,0.8,0.83,1.31,0.68,0.6,0.79,0.53,0.53,0.36,1.43,0.11,0.83,0.9,0.2,0.54,0.16,neptune,20
300,icmp,other,SF,238335,13,1.09,0.9,0.45,0.06,0.13,0.42,0.56,1.15,0.67,0.31,0.02,0.25,0.0,0.22,0.76,0.42,0.7,0.54,0.06,0.89,0.99,1.08,0.29,0.18,0.14,0.64,0.73,0.96,1.0,0.89,0.45,0.92,0.38,0.08,0.96,warezclient,20
2,icmp,ssh,REJ,2,51696,1.12,0.73,0.22,0.0,0.02,0.3,0.67,1.14,0.53,0.82,0.25,0.35,0.28,0.94,1.28,0.11,0.81,0.42,0.77,0.88,0.02,0.86,0.1,0.03,0.6,0.7,0.05,0.74,1.02,0.23,0.22,0.86,0.06,0.5,0.29,portsweep,20
0,icmp,domain,OTH,4998,2726,0.94,0.14,0.66,0.22,0.3,0.06,0.95,1.4,0.91,0.63,0.43,0.5,0.97,0.94,1.24,0.79,0.32,0.42,0.15,0.38,0.75,1.08,0.85,0.3,0.71,0.81,0.91,0.56,1.47,0.56,0.13,0.24,0.2,0.65,0.92,normal,20
0,udp,ftp,OTH,1660,522,1.24,0.6,0.87,0.19,0.76,0.72,0.56,1.08,0.87,0.33,0.96,0.02,0.94,0.96,0.79,1.0,0.48,0.24,0.6,0.2,0.92,1.14,0.78,0.38,0.53,0.36,0.26,0.51,1.1,0.1,0.98,0.47,0.84,0.91,0.37,portsweep,20
0,udp,http,OTH,118005,47,0.91,0.93,0.58,0.42,0.15,0.33,0.38,1.37,0.5,0.65,0.68,0.26,0.82,0.97,1.21,0.49,0.17,0.79,0.17,0.72,0.49,1.43,0.54,0.64,0.06,0.03,0.85,0.95,1.23,0.76,0.41,0.84,0.23,0.71,0.01,normal,20
300,icmp,other,REJ,1,80490,1.43,0.66,0.02,0.53,0.41,0.02,0.72,1.13,0.29,0.5,0.7,0.43,0.94,0.18,1.43,0.52,0.24,0.62,0.25,0.35,0.79,0.76,0.96,0.46,0.24,0.7,0.3,0.83,0.76,0.99,0.65,0.03,0.41,0.38,0.48,warezclient,20
3600,icmp,http,S0,777,4194,1.22,0.33,0.98,0.97,0.89,0.92,0.23,1.42,0.69,0.57,0.27,0.92,0.68,0.28,1.13,0.66,0.18,0.85,0.02,0.21,0.14,1.36,0.82,0.93,0.3,0.56,0.57,0.85,1.24,0.54,0.38,0.74,0.79,0.69,0.08,portsweep,20
0,icmp,domain,SF,900,3680,1.37,0.34,0.77,0.95,0.4,0.77,0.03,0.92,0.99,0.49,0.36,0.94,0.43,0.68,1.23,0.09,0.62,0.8,0.71,0.08,0.15,1.27,0.63,0.74,0.32,0.11,0.01,0.31,0.99,0.27,0.13,0.19,0.45,0.55,0.41,normal,20
2,tcp,ftp,REJ,205285,5,1.33,0.86,0.01,0.41,0.78,0.72,0.56,1.49,0.24,0.52,0.69,0.17,0.27,0.27,0.82,0.17,0.28,0.3,0.78,0.36,0.94,1.28,0.5,0.62,0.46,0.14,0.01,0.4,1.37,0.38,0.86,0.44,0.43,0.82,0.65,warezclient,20
300,icmp,ssh,REJ,6,79532,1.08,0.18,0.4,0.32,0.73,0.63,0.97,1.33,0.33,0.28,0.79,0.37,0.93,0.2,1.5,0.18,0.77,0.03,0.73,0.94,0.21,1.34,0.83,0.07,0.85,0.8,0.67,0.14,0.94,0.25,0.15,0.42,0.38,0.45,0.6,satan,20
2,icmp,private,OTH,4250,3526,1.33,0.36,0.9,0.54,0.64,0.08,0.77,1.23,0.36,0.65,0.04,0.98,0.68,0.4,1.3,0.97,0.43,0.01,0.26,0.51,0.52,1.16,0.58,0.45,0.39,0.77,0.59,0.5,0.98,0.02,0.1,0.42,0.96,0.12,0.94,normal,20
3600,tcp,domain,REJ,2910,3830,1.12,0.35,0.1,0.72,0.45,0.07,0.04,1.27,0.02,0.34,0.11,0.8,0.93,0.74,1.11,0.55,0.33,0.43,0.46,0.8,0.63,0.85,0.66,0.4,0.74,0.88,0.45,0.43,0.7,0.21,0.28,0.7,0.8,0.58,0.8,satan,20
1,icmp,ssh,REJ,145454,12,0.79,0.67,0.49,0.97,0.31,0.39,0.39,0.79,0.35,0.46,0.17,0.67,0.8,0.92,1.17,0.67,0.31,0.24,0.12,0.37,0.14,1.01,0.6,0.57,0.42,0.49,0.54,0.92,1.44,0.17,0.17,0.29,0.19,0.84,0.62,normal,20
3600,udp,http,RSTO,3,52787,1.47,0.51,0.49,0.68,0.42,0.84,0.49,0.77,0.03,0.76,0.29,0.27,0.54,0.17,1.07,0.74,0.77,0.55,0.11,0.11,0.78,1.36,0.37,0.82,0.04,0.72,0.55,0.99,0.78,0.83,0.75,0.3,1.0,0.45,0.35,portsweep,20
3600,tcp,other,SF,2041,1819,1.25,0.86,0.61,0.43,0.62,0.78,0.81,1.34,0.57,0.53,0.6,0.17,0.98,0.29,1.16,0.95,0.51,0.9,0.82,0.14,0.75,1.03,0.06,0.28,0.66,0.7,0.13,0.15,0.96,0.25,0.84,0.39,0.14,0.63,0.63,warezclient,20
2,udp,other,SF,862,3400,1.26,0.88,0.45,0.49,0.58,0.87,0.85,0.77,0.97,0.63,0.7,0.85,0.8,0.4,1.47,0.82,0.49,0.32,0.28,0.55,0.13,1.38,0.79,0.89,0.76,0.05,0.63,0.84,0.71,0.93,0.16,0.46,0.99,0.43,1.0,guess_passwd,20
300,tcp,smtp,S0,131832,5,0.9,0.37,0.9,0.17,0.4,0.31,0.7,0.89,0.66,0.7,0.0,0.48,0.13,0.23,1.24,0.01,0.7,0.82,0.99,0.42,0.13,0.76,0.38,0.73,0.1,0.31,0.88,0.14,1.32,0.75,0.13,0.99,0.14,0.53,0.01,buffer_overflow,20
0,icmp,ssh,RSTO,6,87345,1.2,0.15,0.41,0.69,0.86,0.09,0.1,1.3,0.59,0.38,0.96,0.31,0.14,0.28,0.77,0.55,0.6,0.61,0.78,0.69,0.85,1.23,0.3,0.52,0.51,0.75,0.3,0.05,1.42,0.95,0.49,0.11,0.5,0.59,0.53,normal,20
3600,tcp,domain,REJ,1181,3268,1.04,0.55,0.17,0.47,0.99,0.07,0.59,0.71,0.22,0.92,0.95,0.4,0.29,0.71,1.31,0.42,0.4,0.64,0.54,0.15,0.08,0.76,0.92,0.97,0.16,0.33,0.59,0.76,1.22,0.64,0.31,0.44,0.95,0.24,0.24,warezclient,20
300,udp,ftp,RSTO,550,2633,0.8,0.71,0.7,0.16,0.95,0.52,0.78,1.28,0.17,0.13,0.78,0.27,0.89,0.77,0.72,0.81,0.27,0.06,0.71,0.58,0.08,1.06,0.36,0.5,0.57,0.37,0.26,0.1,1.16,0.72,0.23,0.51,0.04,0.86,0.24,smurf,20
3600,udp,domain,RSTO,99343,11,1.14,0.91,0.74,0.42,0.32,0.42,0.72,0.92,0.08,0.37,0.5,0.9,0.18,0.8,1.49,0.95,0.07,0.47,0.28,0.84,0.33,1.14,0.01,0.2,0.56,0.3,0.62,0.46,1.17,0.49,0.77,0.2,0.9,0.76,0.25,normal,20
0,tcp,private,SF,4,75490,1.46,0.0,0.66,0.85,0.73,0.1,0.53,0.89,0.49,0.06,1.0,0.71,0.09,0.92,1.42,0.52,0.7,0.37,0.97,0.08,0.1,0.81,0.82,0.07,0.57,0.43,0.96,0.24,0.91,0.32,0.8,0.7,0.74,0.32,0.27,normal,20
0,tcp,telnet,S0,4889,992,0.78,0.45,0.31,0.12,0.36,0.77,0.45,1.07,0.85,0.09,0.81,0.3,0.7,0.6,0.87,0.86,0.15,0.71,0.97,0.4,0.05,0.94,0.82,0.17,0.95,0.85,0.56,0.55,0.78,0.1,0.79,0.12,0.06,0.78,0.22,normal,20
2,tcp,private,REJ,788,4870,1.43,0.07,1.0,0.2,0.65,0.81,0.09,1.38,0.81,0.12,0.94,0.05,0.92,0.43,1.28,0.5,0.38,0.43,0.35,0.91,0.27,1.06,0.15,0.61,0.62,0.65,0.5,0.88,1.08,0.09,0.38,0.42,0.64,0.8,0.25,guess_passwd,20
1,icmp,http,RSTO,247005,22,1.33,0.34,0.57,0.32,0.27,0.03,0.6,0.72,0.81,0.28,0.81,0.47,0.36,0.58,0.89,0.16,0.25,0.24,0.53,0.79,0.74,1.31,0.95,0.58,0.98,0.39,0.94,0.99,0.84,0.24,0.32,0.74,0.36,0.59,0.7,ipsweep,20
2,udp,ssh,OTH,4,72258,0.84,0.04,0.06,0.6,0.02,0.48,0.33,1.19,0.81,0.34,0.18,0.8,0.87,0.06,0.82,0.7,0.14,0.11,0.53,0.36,0.07,1.26,0.66,0.59,0.34,0.32,0.98,0.73,1.05,0.64,0.49,0.32,0.71,0.56,0.89,guess_passwd,20
1,icmp,domain,S0,4924,1536,1.29,0.29,0.18,0.0,0.7,0.57,0.85,1.32,0.57,0.18,0.32,0.81,0.61,0.64,0.78,0.5,0.33,0.08,0.35,0.32,0.64,1.47,0.82,0.67,0.73,0.34,0.01,0.21,1.25,0.35,0.79,0.72,0.05,0.44,0.42,guess_passwd,20
2,tcp,private,RSTO,3202,2977,1.0,0.83,0.79,0.58,0.76,0.23,0.45,1.34,0.03,0.02,0.26,0.1,0.34,0.89,0.83,0.08,0.94,0.98,0.34,0.99,0.89,1.26,0.43,0.65,0.61,0.43,0.05,0.33,1.48,0.41,0.55,0.93,0.54,0.66,0.3,normal,20
3600,tcp,http,RSTO,209886,35,0.82,0.36,0.43,0.29,0.66,0.6,0.2,0.72,0.17,0.29,0.08,0.84,0.31,0.4,1.09,0.66,0.09,0.54,0.18,0.89,0.37,1.06,0.26,0.47,0.23,0.27,0.06,0.75,1.23,0.09,0.34,0.54,0.97,0.59,0.55,back,20
3600,udp,http_443,RSTO,9,85027,1.16,0.24,0.3,0.39,0.85,0.03,0.57,1.11,0.57,0.98,0.15,0.95,0.45,0.95,0.83,0.21,0.19,0.04,0.08,0.68,0.2,1.36,0.15,0.6,0.32,0.73,0.81,0.09,1.15,0.55,0.86,0.52,0.92,0.01,0.7,back,20
0,icmp,http_443,RSTO,1021,3495,1.15,0.58,0.96,0.1,0.11,0.78,0.79,1.39,0.88,0.88,0.26,0.65,0.57,0.47,0.84,0.4,0.62,0.68,0.4,0.4,0.88,1.25,0.05,0.48,0.27,0.37,0.34,0.79,0.95,0.84,0.86,0.68,0.97,0.23,0.3,smurf,20
2,icmp,other,REJ,2307,3514,0.85,0.21,0.82,0.74,0.76,0.87,0.82,1.11,0.16,0.31,0.51,0.14,0.85,0.88,0.72,0.19,0.83,0.84,0.25,0.46,0.92,1.26,0.27,0.82,0.51,0.64,0.12,0.03,1.0,0.59,0.18,0.87,0.59,0.35,0.16,neptune,20
0,udp,ftp,REJ,67195,24,0.83,0.57,0.96,0.86,0.65,0.68,0.27,1.03,0.02,0.78,0.77,0.01,0.91,0.65,1.18,0.01,0.25,0.81,0.31,0.97,0.64,1.04,0.38,0.35,0.25,0.47,0.68,0.82,1.02,0.1,0.51,0.66,0.84,0.37,0.65,normal,20
0,icmp,smtp,REJ,2,71571,1.49,0.64,0.86,0.26,0.71,0.89,0.3,0.82,0.77,0.9,0.81,0.8,0.6,0.66,1.24,0.72,0.66,1.0,0.26,0.42,0.39,0.73,0.71,0.57,0.19,0.73,0.22,0.53,1.33,0.91,0.67,0.51,0.85,0.84,0.88,buffer_overflow,20
300,tcp,smtp,SF,3956,1148,1.28,0.56,0.91,0.95,0.9,0.65,0.22,0.88,0.87,0.42,0.89,0.37,0.59,0.46,0.79,0.05,0.63,0.58,0.62,0.47,0.19,0.8,0.68,0.53,0.41,0.87,0.15,0.99,0.97,0.99,0.89,0.99,0.14,0.86,0.18,guess_passwd,20
300,tcp,other,REJ,1548,2667,0.7,0.27,0.76,0.17,0.76,0.49,0.76,0.77,0.61,0.63,0.4,0.97,0.38,0.04,0.86,0.37,0.01,0.32,0.83,0.19,0.68,1.2,0.25,0.69,0.34,0.13,0.38,0.59,0.83,0.82,0.3,0.29,0.73,0.6,0.34,normal,20
3600,icmp,ssh,REJ,188497,22,0.83,0.91,0.81,0.02,0.22,0.98,0.21,0.72,0.5,0.12,0.71,0.79,0.38,0.64,1.32,0.62,0.59,0.05,0.11,0.84,0.05,0.79,0.44,0.12,0.25,0.7,0.21,0.69,0.71,0.42,0.1,0.52,0.62,0.7,0.42,satan,20
0,tcp,http_443,OTH,2,58527,1.33,0.5,0.61,0.78,0.83,0.97,0.36,1.03,0.16,0.55,0.91,0.69,0.48,0.23,0.71,0.09,0.11,0.57,0.49,0.95,0.78,0.76,0.72,0.9,0.64,0.46,0.98,0.26,0.74,0.81,0.87,0.85,0.36,0.68,0.43,normal,20
300,tcp,ftp,SF,179,1233,0.96,0.89,0.96,0.27,0.73,0.37,0.34,0.79,0.4,0.46,0.84,0.69,0.48,0.42,1.41,0.17,0.13,0.73,0.98,0.84,0.1,1.43,0.48,0.57,0.44,0.61,0.78,0.61,1.39,0.88,0.73,0.89,0.48,0.49,0.89,smurf,20
0,udp,http,SF,2243,2674,1.31,0.58,0.57,0.98,0.67,0.34,0.52,1.26,0.1,0.66,0.25,0.35,0.68,0.38,1.37,0.56,0.99,0.05,0.64,0.16,0.85,1.38,0.87,0.07,0.49,0.24,0.97,0.05,0.88,0.64,0.4,0.23,0.46,0.8,0.45,ipsweep,20
300,udp,other,REJ,91118,31,0.78,0.41,0.56,0.0,0.09,0.6,0.62,0.94,0.51,0.21,0.67,0.95,0.36,0.05,0.88,0.45,0.56,0.62,0.47,0.66,0.72,0.79,0.76,0.22,0.34,0.83,0.96,0.29,1.12,0.7,0.05,0.16,0.14,0.72,0.72,normal,20
0,tcp,smtp,OTH,4,52290,0.87,0.82,0.19,0.34,0.76,0.05,0.63,1.24,0.12,0.89,0.46,0.59,0.5,0.96,0.7,0.74,0.55,0.43,0.59,0.92,0.78,1.43,0.69,0.17,0.82,0.1,0.66,0.61,0.96,0.88,0.42,0.61,0.69,0.25,0.4,portsweep,20
1,udp,smtp,RSTO,1192,1231,1.18,0.89,0.51,0.84,0.55,0.31,0.74,1.14,0.22,0.21,0.71,0.69,0.92,0.13,1.27,0.98,0.18,0.54,0.64,0.71,0.76,1.15,0.58,0.94,0.71,0.67,0.89,0.53,1.4,0.42,0.01,0.11,0.38,0.05,0.06,normal,20
3600,udp,ssh,REJ,2152,1299,1.25,0.3,0.75,0.03,0.81,0.1,0.87,1.29,0.86,0.74,0.56,0.24,0.78,0.8,0.93,0.66,0.93,0.39,0.96,0.98,0.31,1.14,0.01,0.25,0.62,0.78,0.87,0.83,1.43,0.7,0.65,0.76,0.55,0.6,0.78,normal,20
0,tcp,smtp,RSTO,106511,43,1.47,0.74,0.12,0.04,0.28,0.26,0.16,1.38,0.01,0.47,0.94,0.04,0.93,0.6,1.32,0.63,0.84,0.3,0.79,0.55,0.07,1.27,0.53,0.96,0.52,0.79,0.16,0.54,1.02,0.35,0.88,0.66,0.33,0.29,0.95,smurf,20
300,icmp,http_443,RSTO,9,89291,0.79,0.35,0.24,0.64,0.92,0.24,0.04,1.41,0.38,0.8,0.11,0.26,0.72,0.02,1.11,0.77,0.51,0.51,0.49,0.3,0.65,0.96,0.08,0.1,0.97,0.77,0.53,0.63,0.87,0.63,0.21,0.69,0.84,0.21,0.83,normal,20
1,icmp,private,SF,1359,294,0.73,0.07,0.18,0.25,0.07,0.82,0.91,1.03,0.45,0.4,0.32,0.39,0.12,0.01,1.28,0.06,0.75,0.05,0.85,0.36,0.5,0.93,0.69,0.61,0.28,0.93,0.38,0.82,0.72,0.16,0.22,0.75,0.8,0.85,0.29,buffer_overflow,20
2,icmp,ssh,REJ,3156,191,1.4,0.14,0.04,0.57,0.39,0.55,0.09,0.87,0.74,0.73,0.21,0.91,0.85,0.14,0.85,0.62,0.25,0.11,0.67,0.57,0.05,1.3,0.99,0.55,0.64,0.07,0.67,0.25,0.86,0.58,0.95,0.36,0.67,0.23,0.29,normal,20
0,tcp,telnet,REJ,187365,28,1.23,0.69,0.15,0.57,0.81,0.96,0.17,0.95,0.79,0.71,0.64,0.28,0.36,0.68,0.97,0.48,0.45,0.77,0.49,0.11,0.65,0.77,0.28,0.83,0.89,0.2,0.73,0.63,1.28,0.89,0.85,0.63,0.81,0.58,0.77,warezclient,20
2,tcp,http,OTH,5,75616,1.22,0.15,0.39,0.89,0.59,0.86,0.13,1.1,0.09,0.36,0.01,0.24,0.96,0.98,1.25,0.76,0.14,0.16,0.57,0.57,0.87,0.82,0.73,0.94,0.04,0.76,0.23,0.26,0.89,0.67,0.52,0.79,0.39,0.92,0.88,back,20
3600,tcp,domain,SF,4371,2340,1.16,0.57,0.38,0.38,0.59,0.9,0.08,0.9,0.97,0.22,0.41,0.82,0.35,0.79,1.41,0.01,0.88,0.44,0.23,0.51,0.28,0.82,0.16,0.6,0.82,0.66,0.41,0.33,0.79,0.68,0.48,0.59,0.65,0.41,0.24,guess_passwd,20
2,tcp,ssh,S0,4299,421,0.74,0.26,0.18,0.96,0.6,0.56,0.02,1.28,0.66,0.28,0.09,0.45,0.99,0.87,0.84,0.83,0.6,0.79,0.82,0.18,0.66,0.91,0.72,0.34,0.45,0.59,0.23,0.39,0.79,0.2,0.86,0.5,0.42,0.15,0.1,smurf,20
